android_cpu,android_mem
22.99638694638695,1375345.244114219
