android_cpu,android_mem
22.67718181818182,1377741.1427272728
