android_cpu,android_mem
24.561648148148148,1354869.96677208
