Battery Power* [uW] (Delta),Battery Power* [uW] (Raw),CPU Load [%],Memory Usage [KB]
782728.069732841,2419980.6801711465,36.072010072560644,2603334.689736259
