android_cpu,android_mem
6.786666666666667,1381799.8666666667
