android_cpu,android_mem
25.235891488484363,1355524.4115880346
