android_cpu,android_mem
23.878976608187138,1384226.1132748537
