android_cpu,android_mem
-132.44244047619048,1417050.1779761906
