android_cpu,android_mem
15.237142857142857,1506468.9857142859
