Battery Power* [uW] (Delta),Battery Power* [uW] (Raw),CPU Load [%],Memory Usage [KB]
627707.2214054845,1915563.6922367136,39.69620741508963,2543965.171682447
