Battery Power* [uW] (Delta),Battery Power* [uW] (Raw),CPU Load [%],Memory Usage [KB]
117062.60295609613,1186446.8586555799,30.93769619285532,2586897.008156886
