android_cpu,android_mem
159.68214285714288,1480303.267857143
