android_cpu,android_mem
7.703333333333333,1332294.1666666667
