Battery Power* [uW] (Delta),Battery Power* [uW] (Raw),CPU Load [%],Memory Usage [KB]
191472.54718415023,1277935.2146931454,30.740424066584968,2599835.6021927036
