Battery Power* [uW] (Delta),Battery Power* [uW] (Raw),CPU Load [%],Memory Usage [KB]
344730.09085945424,1614149.86422343,28.23132886049686,2612135.826789381
