android_cpu,android_mem
100.226056501548,1262035.4937542998
