android_cpu,android_mem
30.326675831260935,1282361.4426370414
