Battery Power* [uW] (Delta),Battery Power* [uW] (Raw),CPU Load [%],Memory Usage [KB]
1291630.290567263,2939458.157135923,45.89484327454204,2616720.6772871893
