Battery Power* [uW] (Delta),Battery Power* [uW] (Raw),CPU Load [%],Memory Usage [KB]
1000351.9386792738,2406542.9261517096,36.220407114504,2611158.3047911935
