Battery Power* [uW] (Delta),Battery Power* [uW] (Raw),CPU Load [%],Memory Usage [KB]
167845.66230716952,1207965.6072969357,30.057134881096072,2569584.7723370166
