android_cpu,android_mem
17.979615112786,1291787.6635571248
