Battery Power* [uW] (Delta),Battery Power* [uW] (Raw),CPU Load [%],Memory Usage [KB]
158190.55675667262,1568771.4292942784,28.15825793029822,2560681.670580541
