Battery Power* [uW] (Delta),Battery Power* [uW] (Raw),CPU Load [%],Memory Usage [KB]
170944.4625062311,1407684.9264013134,28.747934424601073,2584141.397684183
