android_cpu,android_mem
17.63289245257162,1301659.0991960964
