Battery Power* [uW] (Delta),Battery Power* [uW] (Raw),CPU Load [%],Memory Usage [KB]
338273.6602210568,1812312.4282042466,29.805748612309515,2555321.471395881
