android_cpu,android_mem
20.205168312699957,1359240.5777646403
