android_cpu,android_mem
20.274377466936897,1273301.7837464255
