Battery Power* [uW] (Delta),Battery Power* [uW] (Raw),CPU Load [%],Memory Usage [KB]
746363.2226876745,2195621.6049420433,34.886839323065246,2604078.103559998
