Battery Power* [uW] (Delta),Battery Power* [uW] (Raw),CPU Load [%],Memory Usage [KB]
1300034.606937884,2714035.1943096784,40.43439461259423,2620733.4826364066
