Battery Power* [uW] (Delta),Battery Power* [uW] (Raw),CPU Load [%],Memory Usage [KB]
1427962.0082349514,2969567.0894849515,43.92297237076649,2630654.958430001
