android_cpu,android_mem
15.236666666666668,1503592.691666667
