android_cpu,android_mem
36.680833333333325,1465412.0345238096
