Battery Power* [uW] (Delta),Battery Power* [uW] (Raw),CPU Load [%],Memory Usage [KB]
401798.4674029717,1716677.9282867596,28.542906477095226,2537951.547606836
