Battery Power* [uW] (Delta),Battery Power* [uW] (Raw),CPU Load [%],Memory Usage [KB]
846752.4718099006,2345004.643880403,35.01406938821413,2604552.86055327
