Battery Power* [uW] (Delta),Battery Power* [uW] (Raw),CPU Load [%],Memory Usage [KB]
570568.1035083437,1708283.902410008,29.87852384960248,2652274.2792760516
