Battery Power* [uW] (Delta),Battery Power* [uW] (Raw),CPU Load [%],Memory Usage [KB]
680346.4168387133,2145759.969961597,33.95484107395872,2562930.611800475
