Battery Power* [uW] (Delta),Battery Power* [uW] (Raw),CPU Load [%],Memory Usage [KB]
659405.7071935519,1999635.514625561,31.71582643662847,2534413.863299135
