Battery Power* [uW] (Delta),Battery Power* [uW] (Raw),CPU Load [%],Memory Usage [KB]
715847.4992141128,2160439.2846133946,34.06590803543588,2585838.069410564
