android_cpu,android_mem
14.729285714285714,1436720.5023809525
