android_cpu,android_mem
33.48970238095238,1407763.1466269842
