Battery Power* [uW] (Delta),Battery Power* [uW] (Raw),CPU Load [%],Memory Usage [KB]
832570.9594105791,2343524.259584669,34.789077612779124,2632755.396674674
