Battery Power* [uW] (Delta),Battery Power* [uW] (Raw),CPU Load [%],Memory Usage [KB]
2102513.902334267,3352898.390569561,49.8562441643324,2662001.6433986933
