Battery Power* [uW] (Delta),Battery Power* [uW] (Raw),CPU Load [%],Memory Usage [KB]
1627940.0941900392,3018446.4724509083,44.846635056711776,2622190.2867286606
