android_cpu,android_mem
14.905952380952376,1369591.7785714285
