android_cpu,android_mem
27.32875033640022,1344602.8560889116
