Battery Power* [uW] (Delta),Battery Power* [uW] (Raw),CPU Load [%],Memory Usage [KB]
1357091.686868585,2888125.676135112,42.980339802426855,2672460.66929325
