Battery Power* [uW] (Delta),Battery Power* [uW] (Raw),CPU Load [%],Memory Usage [KB]
761130.0271925135,2310053.689174836,35.25508107389686,2613937.8415156202
