android_cpu,android_mem
21.41607801387683,1445826.0250778259
