android_cpu,android_mem
26.050573202662243,1299047.7306590818
