android_cpu,android_mem
23.369571850624485,1503393.8358199801
