Battery Power* [uW] (Delta),Battery Power* [uW] (Raw),CPU Load [%],Memory Usage [KB]
1485157.461071149,2905394.698045394,42.072915312636624,2587267.8060174277
