android_cpu,android_mem
23.117142857142856,1282301.473809524
