Battery Power* [uW] (Delta),Battery Power* [uW] (Raw),CPU Load [%],Memory Usage [KB]
206802.69136325136,1510862.8099694306,28.360682024152993,2584361.420836525
