Battery Power* [uW] (Delta),Battery Power* [uW] (Raw),CPU Load [%],Memory Usage [KB]
853107.7796414159,2475614.315628337,36.454974270420585,2633449.632763965
