Battery Power* [uW] (Delta),Battery Power* [uW] (Raw),CPU Load [%],Memory Usage [KB]
333890.9314347524,1808481.7363058738,29.67237239273794,2576800.256879746
