Battery Power* [uW] (Delta),Battery Power* [uW] (Raw),CPU Load [%],Memory Usage [KB]
178067.76839575954,1468575.5097167478,25.496832308536877,2555052.637282532
