android_cpu,android_mem
30.33416666666667,1486918.9166666667
