Battery Power* [uW] (Delta),Battery Power* [uW] (Raw),CPU Load [%],Memory Usage [KB]
277618.5615101157,1261709.1823851713,22.570915825916643,2553195.738014958
