Battery Power* [uW] (Delta),Battery Power* [uW] (Raw),CPU Load [%],Memory Usage [KB]
341605.0175765421,1515471.9975006846,29.863792938017276,2559804.7634063894
