Battery Power* [uW] (Delta),Battery Power* [uW] (Raw),CPU Load [%],Memory Usage [KB]
783781.0918403621,2262391.8273587683,35.71104767378003,2583495.793516672
