Battery Power* [uW] (Delta),Battery Power* [uW] (Raw),CPU Load [%],Memory Usage [KB]
1845134.090194732,3219701.471444732,47.852026600850124,2626280.9794225385
