Battery Power* [uW] (Delta),Battery Power* [uW] (Raw),CPU Load [%],Memory Usage [KB]
887304.6498297546,2379686.3395148027,35.5067254270968,2636171.8025251683
