Battery Power* [uW] (Delta),Battery Power* [uW] (Raw),CPU Load [%],Memory Usage [KB]
544286.894470064,1991015.6360785298,32.06988235156656,2552685.2626230223
