Battery Power* [uW] (Delta),Battery Power* [uW] (Raw),CPU Load [%],Memory Usage [KB]
1419533.0307365712,2790050.0014951923,41.47404589280451,2615824.115660745
