Battery Power* [uW] (Delta),Battery Power* [uW] (Raw),CPU Load [%],Memory Usage [KB]
1653820.4729331634,3131884.6729331636,46.38461180124224,2617567.148231308
