Battery Power* [uW] (Delta),Battery Power* [uW] (Raw),CPU Load [%],Memory Usage [KB]
107720.4554222381,873366.7884694666,21.61379505741174,2625522.8647070387
