Battery Power* [uW] (Delta),Battery Power* [uW] (Raw),CPU Load [%],Memory Usage [KB]
670546.1457929334,2158174.0636588354,34.09540708825642,2593207.034251184
