android_cpu,android_mem
32.003568248441425,1275209.8308697895
