Battery Power* [uW] (Delta),Battery Power* [uW] (Raw),CPU Load [%],Memory Usage [KB]
2102868.105357143,3701758.606428571,52.46063492063492,2630196.3133333335
