android_cpu,android_mem
14.770476190476188,1438207.9904761903
