Battery Power* [uW] (Delta),Battery Power* [uW] (Raw),CPU Load [%],Memory Usage [KB]
551318.1519702992,1737862.942108607,37.552372849836885,2606818.539831721
