Battery Power* [uW] (Delta),Battery Power* [uW] (Raw),CPU Load [%],Memory Usage [KB]
259092.3262880412,1125916.2969970854,26.549161740126983,2615985.459185966
