Battery Power* [uW] (Delta),Battery Power* [uW] (Raw),CPU Load [%],Memory Usage [KB]
749404.4922219451,2586143.7419845583,38.16593715122232,2581337.0957240714
