Battery Power* [uW] (Delta),Battery Power* [uW] (Raw),CPU Load [%],Memory Usage [KB]
734875.0497298021,2103980.362974383,34.03849218932574,2620156.237914412
