Battery Power* [uW] (Delta),Battery Power* [uW] (Raw),CPU Load [%],Memory Usage [KB]
1944633.9730461817,3335339.5965755936,48.46722966507177,2657457.211422825
