Battery Power* [uW] (Delta),Battery Power* [uW] (Raw),CPU Load [%],Memory Usage [KB]
901833.1881889158,2435288.094693228,37.266159771600954,2558954.9324143687
