android_cpu,android_mem
17.409865728596834,1389466.4471468984
