Battery Power* [uW] (Delta),Battery Power* [uW] (Raw),CPU Load [%],Memory Usage [KB]
1097652.841639132,2563203.8258901527,38.16461621655391,2631730.514609472
